Thailand
India
USA
Germany
United States
Canada
Netherlands
London, United Kingdom
Berlin, Germany
UK
London, UK
Indonesia
Poland
Australia
United Kingdom
France
Philippines
Portugal
Switzerland
London
Argentina
Singapore
New York, NY, USA
Italy
South Africa
Europe
Bangalore, Karnataka, India
Earth
Paris, France
#spam
Israel
Lagos, Nigeria
Moscow, Russia
Brussels, Belgium
Amsterdam, Netherlands
Dallas, TX
Ukraine
Los Angeles, CA, USA
Brazil
Ireland
Madrid, Spain
Munich, Germany
Barcelona, Spain
Atlanta, GA
Belgium
The Netherlands
Los Angeles, CA, United States
New Zealand
Hanoi, Vietnam
Dublin, Ireland
Lisbon, Portugal
Vienna, Austria
Austria
Chicago, IL, USA
Boston, MA
Pakistan
Chandigarh, India
China
Serbia
California, USA
New York, NY
Nairobi, Kenya
Buenos Aires, Argentina
Vietnam
Spain
Planet Earth
Warsaw, Poland
Russia
Hyderabad, Telangana, India
Tehran, Tehran Province, Iran
Lima, Peru
Seattle, WA, USA
Berlin
Melbourne VIC, Australia
Seattle, WA
Bucharest, Romania
Iran
Thessaloniki, Greece
Bengaluru, Karnataka, India
Sydney, New South Wales, Australia
Nigeria
Malaysia
New York
Vancouver, BC, Canada
NYC
Texas
Sofia, Bulgaria
Toronto, ON, Canada
Texas, USA
Hamburg, Germany
Vilnius, Lithuania
San Diego, CA
Athens, Greece
Mumbai
Los Angeles, CA
Ottawa, ON, Canada
Austin, TX
Lithuania
845,Phase V, Udyog Vihar, Sector 19, Gurugram, Haryana 122016, India
Sydney NSW, Australia
Minsk, Belarus
Tallinn, Estonia
Porto, Portugal
Cape Town, South Africa
Czech Republic
Miami, FL
Egypt
Sydney, Australia
ul. "Tundzha" 2 4000 g.k. Mladezhki halm, Plovdiv, Bulgaria
São Paulo, SP, Brasil
Tbilisi, Georgia
Miami, FL, USA
204 Hoàng Diệu, Quận 4
Santiago, Chile
New Jersey, USA
São Paulo, Brasil
Brooklyn, NY
Delhi, India
Bratislava, Slovakia
Cologne, Germany
Mexico
Virginia, USA
Brisbane, Australia
Croatia
Montreal, Canada
San Francisco, CA
Berlin, Deutschland
Mountain View, CA, United States
Sweden
Rochester, NY, USA
Singapore, Singapore
Montreal, QC, Canada
Seattle, WA, United States
Japan
Kuala Lumpur, Federal Territory of Kuala Lumpur, Malaysia
Budapest, Hungary
Nepal
Romania
İstanbul, Türkiye
Phoenix, AZ, USA
Cambridge, UK
Mexico City
Online
New York, NY, United States
Raleigh, NC, United States
Taipei, Taiwan
Antwerp, Belgium
San Francisco, CA, USA
Leeds, United Kingdom
Lækjargata Reykjavík Iceland
Hong Kong
México, CDMX, México
San Jose, CA, USA
Zurich, Switzerland
Chicago, IL
186 Mễ Trì, Từ Liêm, Hà Nội 100000
Toledo, OH, USA
Amsterdam, The Netherlands
Hawaii, USA
Lahore, Pakistan
Hong Kong Island, Hong Kong
Michigan
Accra, Ghana
Tbilisi
North Carolina
Chennai, Tamil Nadu, India
Tokyo, Japan
San Diego, CA, United States
18 Phố Duy Tân, Cầu Giấy, Hà Nội
Bogota, Colombia
World
Prague, Czech Republic
St Paul, MN, USA
Dubai, UAE
spamland
Bangkok, Thailand
Finland
Canberra, Australia
Vienna
Karachi, Pakistan
880 Mittraphap-Nong Khai Road, Nai Mueang Sub-District, Mueang Nakhon Ratchasima District Nakhon Rat
Prague, Czechia
São Paulo, Brazil
Việt Nam
Phnom Penh, Cambodia
Morocco
Edinburgh, UK
Austin, TX, United States
Italia
Chennai
Port Harcourt, Nigeria
Havana, Cuba
Haifa, Israel
Leipzig, Germany
Dhaka, Dhaka Division, Bangladesh
Bangalore, India
Oklahoma
Palo Alto, CA
Viet Nam
Warszawa, Polska
Melbourne, Australia
Sibiu, Romania
Virginia
Milan, Italy
Turkey
Brno, Czechia
Kazakhstan
Penang, Malaysia
Spamalot
California
Dubai
Stavanger, Norway
New York City
Dresden, Deutschland
Sao Paulo, Brazil
Taiwan
Denmark
Spamland
Bangladesh
Zagreb, Croatia
Frankfurt am Main, Deutschland
Hồ Chí Minh, Ho Chi Minh City, Vietnam
Cincinnati, OH, United States
São Paulo - SP, Brasil
Houston, TX, USA
Medellin, Colombia
3127 Tyrone Boulevard North St. Petersburg FL 33710 United States
Timișoara, Romania
Boulder, CO, USA
Toronto, Canada
100 Yonge St Toronto, ON M5C 2W1
Kathmandu, Nepal
Islamabad, Pakistan
Milan, Metropolitan City of Milan, Italy
Tehran, Iran
Stuttgart, Germany
São Paulo, State of São Paulo, Brazil
Rotterdam
Cordoba, Argentina
Nish, Serbia
Greece
Số 516 Kim Hoa, Phương Liên, Đống Đa, Hà Nội 100000.
Bern, Schweiz
Denver, CO
Atlanta, GA, USA
Auckland, New Zealand
Colombia
Oregon
Jakarta, Indonesia
Madrid, España
60 West Latimer Avenue Campbell CA 95008 United States
Hungary
NYC, NY, USA
spam.com
Barcelona
Varna, Bulgaria
British Columbia, Canada
Portland, OR, USA
Copenhagen, Denmark
Dallas, TX, USA
Ghana
Chiang Mai, Thailand
Boston, MA, USA
Ohio, USA
4255 W 182nd St Apt G, Torrance, CA, United States, 90504
Dubai - United Arab Emirates
Dallas, TX, United States
Rome, Italy
United State
Chattanooga, TN, United States
Philadelphia, PA, United States
Addis Ababa, Ethiopia
Slovakia
Block 10, Plot 2 & 3 Admiralty Way, Lekki Phase 1, Lekki, Lagos, Nigeria
Meridian, ID
Sausalito, CA, United States
Odesa, Ukraine
Vigo, España
Baltimore, MD
Detroit, MI, United States
Heilbronn
Montclair, NJ, USA
Phoenix
Block 10, Plot 2 & 3 Admiralty Way,  Lekki Phase 1, Lekki,  Lagos  100001 Nigeria
Montréal, QC, Canada
Liege, Belgium
Beverly Hills, CA, USA
Mexico City, Mexico
Pasadena, CA, USA
Shenyang, Liaoning, China
Calgary
2054 Legrand Spam Orléans ON K1E 3P9 Canada
Kyïv, Ukraine
United Spam of Spammiga
Philadelphia, PA
LONDON UK
Grenoble, Frankreich
Caguas, Puerto Rico
Villa Seminia, 8 Sir Temi Spammit Avenue, Ta' Xbiex,  Malta  XBX1011
Wilmington, NC, USA
The Metaverse
Čakovec, Croatia
Plovdiv, Bulgaria
0979859057Truon
7115 Spammerton Ct ,Dallas ,TX 75252
190 N Spam Rd, Prosper, TX 75078
Windsor, ON, Canada
Spam City
The Actual Boonies
Bishops Stortford, United Kingdom
Spamovia
Florida, USA
California, United States
Cairo, Egypt
88 South Bethel Street Russellville KY 42276
Zürich, Suiça
Nomad, Earth
Saint Louis, MO, United States
Vorarlberg, Austria
Abbottabad, Pakistan
Wrocław, Polska
Buenos Aires, CABA, Argentina
Cochin, Kerala, India
Calgary, AB, Canada
Zaandam, Netherlands
Siquirres, Limón, Costa Rica
Edinburg, TX, USA
Bengaluru, India
San Diego, California, EE. UU.
Spambai, Maharashtra, India 400001
Cambridge, MA
Cz
Waterloo, ON, Canada
Boulder Colorado / Auckland New Zealand
3rd Floor, Muthoot Towers, M.G. Road
Lavaur, France
Copenhagen
Los Angeles, ca
United Spam
Bruges, Belgium
Baependi, Minas Gerais, Brazil
El Salvador
Cowra, New South Wales, Australia
Buenos Aires
Medellín, Antioquia, Colombia
Unit 2, 6 Raymond Ave
Ecuador, Quito
Lasarte-Oria, Spain
Paris
Umbrella.net
San Francisco, CA, United States
Sapporo, Japan
Geneva, Canton of Geneva, Switzerland
Block 10, Plot 2 & 3 Admiralty Way,  Lekki Phase 1, Lekki, Lagos, 100001 Nigeria
Florida
Somewhere here on earth
Addis Ababa
Bozeman, MT, USA
Istanbul, TR
Block 10, Plot 2 & 3 Admiralty Way, Lekki Phase 1 Lekki, Lagos, 100001 Nigeria
New York, United States
San Vicente de la Barquera, Spain
Block 10, Plot 2 & 3 Admiralty Way, Lekki Phase 1, Lekki, Lagos 100001 Nigeria
Oviedo, FL, United States
Chicagoland
Zürich, Switzerland
Hradec Králové, Czech Republic
Nagpur
Maastricht, Netherlands
Miramichi, NB, Canada
湾仔区港湾道1
Patchogue, NY, United States
Mechelen, België
Barcelona -Spain
Bilthoven, The Netherlands
Provo, UT, United States
Ankara, Türkiye
El Salvador / Bavaria
Kansas City, MO, United States
Riyadh, Saudi Arabia
Reading, United Kingdom
Plainville, MA, USA
Virginia Beach, VA
Ipswich, United Kingdom
Blue Springs, MO
Grodzisk Mazowiecki, Poland
Kandersteg, Switzerland
GER
The Hague, South Holland, Netherlands
HQ Tralee B1 Abbey St  Tralee Co. Kerry
Reno, NV, USA
Manila
Flourtown, PA, USA
209 W 2nd St. Suite #274 Ft Worth TX 76102
Neverever
5605 Inland Shores Way N #202 Keizer OR 97303
Córdoba, Cordoba, Argentina
3051 Waters View Circle Orange Park Fl 32073
Из матери админа
321-723 46 Ave SE  Calgary, AB T2G 2A4, Canada
Itoshima City, Fukuoka, Japan
10637 NE Coxley Dr Suite 108 Vancouver WA 98662
818 SW 3rd Ave #417 Portland OR 97204
Hyderabad
Largo, FL, USA
Spam
Malaysia/Singapore
5005 S 900 E #100 Salt Lake City, UT 84117
11 Wilson Close Chichester ,West Sussex PO19 3ND
Hawaii
Clapham Lodge Care Home, Woodland Close, Clapham Village Clapham Lodge,West Sussex BN13 3XR
Hubflow, Gall. Building, 66 Dublin Road Belfast Northern Ireland BT2 7HG
Rhone-Alpes, France
Ashland, OR, United States
Victoria
7617 N 67th Ave #203 Glendale, AZ 85301
Bengaluru
Yokohama-shi, Japan
SkyCity
Rishon LeTsiyon, Israel
Athens
Asia
Zug, Switzerland
A 4D bandwidth scarce multiplexing space
540 Fairview Ave N, Suite 208 St Paul MN 55104
136-18 39th Ave, 9th Fl Spamming, NY 11354
2517 W McDowell Rd Ste 103 Phoenix, AZ  85009, United States
Sylhet, Bangladesh
Bangkok Thailand
Faisalabad, Pakistan
The Hague - Zuid Holland in The Netherlands
SFN, Treaty No. 8
Sri Lanka
Los Angeles CA 90001
830 Industrial Park Dr SE Lonsdale, MN 55046
116 Spam Plaza MISSOURI NAPERVILLE, IL 62301
Victoria, Canada
Hai giang merry land, nhon hai, quy nhon, binh spam, Vietnamse
Spamtimo, NSW, Australia
Kenya
Irvine
Auburn Hills, MI
CM Nagar, Sathy Rd,Ramakrishnapuram.Coimbatore, Tamil Nadu, PIN Code 641035
1451 E Alameda Dr Phoenix AZ 85024
Long Beach, California, USA
Spamflow gallery building 65-69 Dublin rd  Belfast  Northern Ireland
Oklahoma City, OK, USA
San Francisco
Nairobi, South Africa
625, Massachusetts Avenue, Cambridge, MA 02139, USA
Braga, Portugal
Richmond Hill, ON, Canada
Garmendia 118 corner with 5th. private of, Calle Gral Spam Yáñez, Modelo,  Hermosillo, Son. 83100
kochi
1234 spam Ave #123,  spam town, spam land
Belfast, UK
New York, US
France (Remote)
Guatemala City. Guatemala
Natal - RN, Brazil
Spam avenue, Spamtown, Spammigan
Ney York
7620 E McKellips Rd Scottsdale, AZ 85257
Bermuda
Bhopal, Madhya Pradesh, India
Dallas, Texas
Tallinn, Tallinna linn, Estonia
La La land, Earth
20 Spam Drive Spampton
2100 14th Street Plano, Spamx 75074
Spamtosa County
Rio de Janeiro, Brazil
Medellín - Antioquia, Colombia
42
Scandinavia
Adelaide, Australia
Oregon, USA
Montebello, CA, USA
152 W El Camino Real Sunnyvale, CA 94087
5311 Niagara St Commerce City CO 80022
Manitowoc, WI, USA
Spam, Main St Rathcoole Co. Dublin Ireland
4730 Simonton Rd Dallas TX 75244
Sevilla
131,132 - AltF Spaces, Suncity Spam Tower, Golf Course Ext Rd, Sector 65 Gurugram, Haryana 122001
Chile
2330 W Mission Ln Suite 13 Phoenix AZ 85021
Tampa Bay, FL, United States
22 Upper Spam Rd Camberley  ,England GU15 2HJ
Utah
112 W 11th St #200 Vancouver WA 98660
Navsari Building, D.N.Road, Fort, Mumbai Mumbai Maharashtra 400001
Recife, PE, Brazil
somewhere in the US
Ranchi
Mechelen, Belgium
WPS SOFTWARE PTE. LTD., 6 RAFFLES QUAY #14-06 SINGAPORE 048580
Porto Alegre, RS, Brasil
Tecumseh, ON, Canada
Albania
Montreal
Gråsten, Denmark
305 Ball Airport Rd Spamoria, TX 77904
Campinas, State of São Paulo, Brazil
Saigon Vietnam
CG Spam Mall, Chimanlal Girdharlal Rd Ahmedabad Gujarat 380006
on the server farm
Cần Thơ, Việt Nam
Seventeen Mile Rocks,Australia
Schiedamsedijk 3, 3011 EB Rotterdam, Netherlands
5610 Turkey Ln Las Vegas, NV 89131
Frederikssundsvej 68H, København NV, Denmark, 2400
2540 S Maryland Pkwy Unit 5108 Las Vegas, NV 89109
Ahmedabad, Gujarat 380009
Las Vegas, NV, USA
800 Wan tchu
368 L
Bariloche, Río Negro, Argentina
18 Fairbanks, Irvine, CA 92618, United States
21070 N Pima Rd Scottsdale, AZ 85255
320 3rd St NW Suite F Canton, OH 44702, USA
I'mma New Englanda
Montenegro
1-23-5 Menara Bangkok Bank, Berjaya Central Park, JalanAmpang 50450 Kuala Lumpur,Malaysia
30 Crane Road Scarsdale, NY 10583
6433 E Washington St Suite 137 Indianapolis IN 46219 USA
57 Hadfield Street, 2nd Floor, Werk-en-Rust, Georgetown, 00000 Guyana
Ponte Vedra Beach
5959 Topanga Canyon Blvd. Suite 110 Woodland Hills, CA 91367
300 Barangaroo Ave  Barangaroo NSW 2000, Australia
17814 Gertrude St, Omaha, NE 68136
Spammenwalder Str.6a, 16798 Fürstenberg GT Blumenow
4132 E Joppa Rd suite 110 1279, Nottingham Maryland 21236, United States
Spamstraat 94, Geraardsbergen, 9500 Belgium
Silicon Valley
300 S. El Camino Real, Suite 216, San Clemente, CA
26 Akin Leigh Cres, Lekki Phase 106104, Lagos, Nigeria.
E2, Caterers Court, 2-6 Onitana Street, Ikoyi, Lagos,101233 Nigeria
95 8th st, Atlanta GA 30309
Houston, Texas United States
số 7 Phạm Văn Cội, Củ Chi, Thành Phố Hồ Chí Minh
261 E. Maple, Birmingham, MI, 48009 USA
3 Woodberry Rd Winston Hills NSW 2153, Australia
800 W 6th St Ste. 500, LA, CA, USA
Gurgaon
Holland
Montgomeryville, PA
Moore Park, Sydney, NSW 2021 Australia
1079 Sunrise Ave STE B-304 Roseville CA 95661
3795 Presidential Parkway FP-5  Atlanta, GA 30340
Wetherill Park, Australia
North America
15/1-3 Rama 2 Road, Bang Nam chuet Subdistrict, Mueang Smut Sakhon District, Smut Sakhon 7400
7207 Regency Square Blvd Suite 260-13 Houston TX 77036
201, M Square Commercial Building, Near Double Tree Hotel, Bur Dubai, Dubai, UAE
14074 Trade Center Dr Suite 1500 Fishers IN 46038 United States
457 Winthrop Road, Passaic, NJ, United States, New Jersey
Cantabria, Spain
Wodonga VIC, Australia
AUA Language Center Head Office 179 Rajdamri Road Lumpini, Pathumwan, Bangkok  , Thailand
3532 Schooner Drive,Stockton,California,95219
370 Avenue U, Brooklyn, NY 11223, USA
501 BondStreet Rd., Bangpood, Parkkred Nonthaburi 11120 Thailand
Gwedrow House, Off Chapel Hill, Gweek, Cornwall, TR12 7AQ, UK
64 Shattuck Square, Berkeley, CA 94704, USA
Saheel Tower 2, Office No.1601 Near to Al Mulla Plaza / Stadium Metro, Al Nahda-1, (E11 – Al Ittihad
THAILAND
Fishers, IN USA
650 W Manchester Rd,  Spring Lake, NC 28390
Morris Planes, NJ, US
218 Williams Ave, Hasbrouck Heights, NJ 07604 USA
368 Lương Bằng, Cầu Giấy, Hà Nội
126 Lê Bình, Phường 4, Tân Bình, Hồ Chí Minh 700000.
845,1st floor, sector 19, Phase V, Gurugram, Haryana 122016
143 Campbell Rd,  Cobram, VIC, 3644, Australia
Miami Shores, FL, USA
1110 South Central Ave. Glendale, CA, US, 91204
Ahmedabad
Unit 2 The GP Centre, Yeoman Road, Ringwood BH24 3FF, United Kingdom
13773 N Nebraska Ave Tampa FL 33613
India, Kerala, Thrissur District
1001 riviera dr #A Murfreesboro TN, 37130
Rosario, Argentina
London SW16 6HH UK
House, 1001-1003, 10th, Barakhamba Rd, Connaught Place, New Delhi, Delhi 110001
2828 Old 280 CT Vestavia Hills, Al 35243
Online customer service, Lagos Nigeria
2 S East Street Newark Illinois
212 N. Main St., Maxwell, IN 46154 USA
19, Calverton Road, London E6 2NS, United Kingdom
Tobolsk
158 Tô Hiệu, Hiệp Tân, Tân Phú, Hồ Chí Minh 700000
28 Võ Nguyên Giáp, Dư Hàng Kênh, Lê Chân, Hải Phòng, Việt Nam
United Arab Emirates
63 God's Grace Plaza (4th Floor), Allen Avenue, Ikeja, Lagos, Nigeria
136 Main Plaza, San Antonio, TX 78205 USA
2981 E Gordon Rd AuGres MI 48703, USA
Dallas
Decatur, GA, USA
San Diego
261 Warringal Rd,Eight Mile Plains, QLD4113Australia
333 West Loop North ,Suit 420
333 West Loop North ,Suit 420 Houston, TX 77024
6457 S Kimbark Ave, Chicago, Illinois, 60637 US
Room 1312,No.1,Industrial 2nd Road,Dawangshan Community Baoan District,Shenzhen 518104
Fährstr. 8, 32584 Löhne
Suite C505 Innovation Building, Information Industry Park, Chaoyang road,  Guilin, Guangxi 541004 Ch
99 Avenue albert 1er Rueil malmaison France 92500
11500 Wayzata Blvd STE 1229, Minnetonka MN 55305
1010 Cadillac Way Burlingame, CA 94010
Al Attar Business Center. office K.no 13,14 - Al Barsha - Al Barsha 1 - Dubai  Dubai, Al Barsha 1016
39 Oakwood Rd, Jacksonville Beach, FL 32250, USA
Chatsworth
Brookfield
Medford
WestLake Village
401 7th St NW Washington, DC 20004
14 Wall Street Manhattan, NY 10005
Sherman Oaks, Los Angeles, CA, USA
Sportowa 5U 71-450 Szczecin Poland
7636 harwin drive, suite A-107 Houston  TX 77036
6710 Spring Stuebner Road #700, Spring, Texas 77389 United States
2101 E 51st St Vernon CA 90058
Tashkent, Узбекистан
5775 WAYZATA BLVD STE 700 St. Louis Park, MN 55416
Hilo, Hawaii
vietnam
JULPHAR COMMERCIAL TOWER RAS AL KHAIMAH, AL NAKHEEL
347/417 Murray Street Town Perth, Western Australia, 6000 Australia
5728 Kingsport Hwy, Johnson City, TN 37615, United States
7340 Miramar Road, # 204, San Diego, CA 92126 USA
Hollywood Town Car and Limousine
5810 Filmore Ave Warren MI 48092
2300 Wilson Blvd, Arlington, VA 22201 USA
Bartlett
88 jay st Nashville TN 37210
2937 Woffington Ln Germantown, TN 38138
212 N
Perú, Lima, Santiago de Surco.
Warsaw, PL
Milky Way
1312 Emerson St NW, Washington, DC 20011
Al Farsi Dental & Medical Supplies, Flat No: 4, Way No: 3521, Building No: 1992 ,Block No: 235 OM, ش
3394 South Feldspare Ave Tucson AZ 85735
218 Portland Rd, London SE25 4QB
121 W Main St #1127, Waunakee, WI 53597, United States
4195 Oneida St # P Denver CO 80216
17A STREET, AL QOUZ 2 - WAREHOUSE NO.D 26 - DUBAI
Edmonton
37 Rue Voltaire, 93700 Drancy – France
Toulon (83000),  France
Kullu, Himachal Pradesh, India
United States of America
2029 Lemoine Ave, Suite 202 Fort Lee, NJ 07024, USA
4535 S Lotus Cir  Tucson, AZ 85730
Ho Chi Minh, Viet Nam
333 N Canon Dr Beverly Hills Ca 90210
Kew, Melbourne Victoria Australia 3101
Votuporanga, State of São Paulo, Brazil
Venezuela
127.0.0.1
Monterrey, México
11615 N Central Expy,  Dallas, TX 75243
Tsinghua University, Haidian, Beijing, China
Akabane, Kita, Tokyo, Nhật Bản
World Trade Center, Manhattan, New York, NY, USA
Frankfurt, Germany
Toledo, Spain
Kiev, Ukraine
Rome, RM, Italia
401 Park Avenue South, 10th Floor New York, NY 10016
3, Boulevard Royal Luxembourg 2449
Laramie, WY, USA
935-P, Sector 51, Gurugram, India
South africa
54 Duong 3B, Phong Phu, Binh Chanh, Ho Chi Minh
Arusha, Tanzania
ul. "Tundzha" 2 g.k. Mladezhki halm, Plovdiv, 4000
New Delhi
US, East Coast
Slovenia
Squid central.
Noida
Gibraltar
Birmingham
Sopron, Magyarország
Belarus
Istanbul
Yerevan, Armenia
us
Unit 21 Precision 2 Business Park Sittingbourne Kent, ME103TR
Saint Petersburg, Россия
Gdansk, Poland
More Spam
earth
Cupertino, CA, United States
PO Box 40034 GPO, Nairobi , Kenya
South Jakarta,Indonesia
Secret Harbour  Western Australia Australia 6173
PO box 5172 East Victoria Park Western Australia Australia 6981
Liverpool,United Kingdom
Shed 11, 286 Old Cleveland Road East, Capalaba, Australia
Melbourne
10/1 Shirlow St Marrickville NSW Australia 2204
Woy Woy NSW  Australia
Malaga Australia
384B South Terrace, South Fremantle, 6162 WA, Australia
Hamilton, Brisbane Queensland  Australia 4007
304 Old Kent Rd London England
Zurich
Österreich
130 Constellation Dr Ocean Reef
Woolloongabba,Australia
Garden Street,  South Perth Western Australia Australia 6156
Swansea Wales UK
2/19 Light Crescent Mount Barker SA  Australia 5251
The Woods
Saalfelden am Steinernen Meer, Österreich
Mountain View, CA
Concord NSW 2137, Australia
3 Lim Chu Kang Lane 6, Singapore 718860
Brisbane  QLD Australia  4343
12 Southwood Rd Stuart Townsville Queensland
Wollongong NSW Australia
South Perth Western Australia Australia 6156
Black rock Victoria Australia 3193
314 Midsummer Blvd, Milton Keynes Buckinghamshire England
Johannesburg , South Africa
1st Floor/2114 Sixth Ave, Inglewood, Western Australia 2114, Australia
193 whitecross st London England United Kingdom EC1Y 8QP
130 Adderley Street West Auburn New South Wales Australia 2144
Chilakhana, West Bengal, India
Tucson, AZ
502/3 Patak Road, Karon Beach, Muang,  Phuket  83100 Thailand
5850 San Felipe Street, Houston, TX 77057
Centara Hotels & Resorts 999/99 Rama 1 Rd., Pathumwan Bangkok 10330 Thailand
949/21 Phetkasem Road Cha- Am Phetchaburi 76120 Thailand
Bielefeld, Deutschland
Osaka, Japan
209, 209 / 1-2 Moo 2, Koh Samui Bophutc Surat Thani 84320, Thailand
879 Moo 2 Tambol Ao-Nang Amphur Muang Krabi 81180 Thailand
Building- 533, Al Maha Street, Al Khuwair-42, Muscat, Sultanate of Oman
114/1 Moo. 4, T. Taling-Ngam, Koh Samui, Suratthani 84140, THAILAND
Espoo, Finland
Electronic city phase 2, Hosur main road, Bangalore, 560100 India
698 Post St, San Francisco, CA 94109, United States
Charlotte, NC
59 Moo 4, Surasak,Sriracha  Chonburi  20110  Thailand
567 Ratchaprarop Road ,Makkasan, Ratchathewi Bangkok 10400 Thailand
9220 Kimmer Dr Suite 230, Lone Tree, CO 80124, United States
LaJolla Village Drive , La Jolla, United States
11 Howard Hotel 3rd Floor, NY 10013, United States
128 Cattai Ridge Rd, Glenorie  NSW 2157 Australia
17-19 Loftus Street,  Riverstone, NSW 2765
Riverstone NSW, Australia
WTL Building Level 4 Suite  408/83 York Street, Sydney NSW 2000 Australia
29 Bath Lane  Bendigo, Victoria 3550 Australia
11-21 Claremont Avenue, Greenacre,  NSW 2190 Australia
Penrith NSW 2750 Australia
Shop 1, 156 Great Western Hwy (Ground Floor) Blaxland, NSW 2774 Australia
Palm City , FL 34990 USA
Estero, FL
Firenze ( Florence ), Italy
Kabarnet Road off Ngong Road Nairobi, Kenya, 304000 Kabarnet Road Nine Planets Apartments 4rd Floor,
993 Romford Road, London, Greater London, E12 5JR
Southwest Coconut Grove Miami, FL 33133, USA
71-75 Shelton Street, Covent Garden, WC2H 9JQ, London
701 Patak Road,Karon Beach, Muang Phuket 83100, Thailand
198/31 Moo. 9, Nongprue Sub-district,Banglamung District, Chonburi 20150, Pattaya Thailand
118-66 Metropolitan Ave
North Male’ Atoll, Maldives , Maldives
East Africa
Gustavsberg-Sweden
1076 Broadway El Cajon Ca 92021 USA
nowhere
61 Widewater Rd, Hilton Head Island, South Carolina 29926, USA
8059 Farm to Market 1960 Rd E Atascocita, Houston, TX 77346
4475 US Hwy 1 S Unit 604 32086 Saint Augustine, Florida
Rutgers University
Mobile, AL, United States
Europe, somewhere
Gaya
My computer
Vilnius
5521 NW 7th Ave, Miami , FL, 33127, United States
Stockholm, Sweden.
Chengdu, Sichuan, China
59 Soi Rim Khlong Phra Khanong, Phra Khanong Nuea Sub-district, Vadhana District, Bangkok 10110 Thai
23 Old Sawmill Dr, Bluffton, SC 29910
54 Ked-Kwan Road, Kata Beach, Muang,Phuket 83100,Thailand
277/1 Prajaksilapakom Road Muang,Udon Thani 41000,Thailand
Dubai Islands, Dubai, United Arab Emirates
PO.Box 3564 Postal code 112 ,Building No. 352, Way No.5003, Ghala Heights, Wilayat Bausher, Muscat,
Huynh Thuc Khang street, Mui Ne ward and Ham Tien ward, Phan Thiet city, Binh Thuan  Province, Vietn
3 Sanehanusorn Road,Hat Yai, Songkhla 90110,Thailand
Diplomatic Street P.O. Box 23628 Doha, Qatar
1 Damnernkasem Road,Hua Hin,Prachuab-Kririkhan 77110,Thailand
Centara Grand Island, South Ari Atoll , Republic of Maldives
1695 Phaholyothin Road, Ladprao Chatuchak, Bangkok 10900,Thailand
683 Karon Beach, Patak Road, Karon, Muang, Phuket 83100 Thailand
Raubling, Germany
38/2 Moo 3, Borpud, Chaweng Beach, Koh Samui, Surat Thani 84320 ,Thailand
396-396/1 Moo 2, Ao Nang, Muang, Krabi 81180 Thailand
999/99 Rama 1 Road,PathumwanBangkok 10330,Thailand
Santiago De Los Caballeros, Dominican Republic
Noida, Uttar Pradesh, India
Tulsa, OK, USA
North Miami Beach, FL, United States
Bajaur, Pakistan
San Francisco, California, United States
Mulberry Street, New York, NY, USA
Kochi, India
Montevideo Montevideo Department, Uruguay
Anonymous, Nea Makri, Greece
Barranquilla, Atlántico, Colombia
The Internet
Shillong, India
Bandar Lampung, Bandar Lampung City, Lampung, Indonesia
Colombo, Sri Lanka
Glasgow, United Kingdom
Delta, BC, Canada
Palakkad, Kerala, India
Banska Bystrica, Slovakia
Cardiff, Wales, UK
Western United States
Coronado, CA, USA
Michigan, USA
Caribbean
Seoul, 대한민국
Wimbledon, London, UK
Los Angeles, California, USA
Quarantine
1923 S. Archer Ave, Chicago, IL 60616
Washington D.C., DC, USA
Harrisonburg, VA
Detroit, MI
Somewhere in UTC+8, you won't know.
Chennai, India
Göppingen, Germany
Houston, TX
Oakland, CA, United States
Quezon City, Philippines
Somewhere
Czechia, Europe
Iceland
España
Melbourne, FL
Huntsville, AL, USA
Boca Raton, FL, USA
Tempe, AZ, USA
Northeast USA
Pittsburgh, PA
Eureka, MO, United States
Everywhere
Kraków, Polska
Salerno, SA, Italia
San Luis Obispo, CA
San Jose, CA, United States
Gold Coast, Australia
Denver, CO, United States
HCM Vietnam
Raleigh, NC, USA
New Delhi, Delhi, India
Earth, TX, USA
Westland, MI, United States
Williamsport, PA
Orlando, FL, United States
Fayetteville, AR, USA
Lahore, Punjab, Pakistan
Kansas City, MO, USA
Faro, Portugal
Badalona, España
Stockholm, Sverige
Twin Falls, ID
[APSP] on Cardano Blockchain
Nimbin, New South Wales, Australia
Villa Lugano, Capital Federal, Argentina
Dnipro, Dnipropetrovsk Oblast, Ukraine
Middle East
Main Ambrahi Market Kartik Plaza 3rd floor, Sector 19, Dwarka, New Delhi, Delhi 110075
Estero, FL 33929, USA
Indaiatuba, SP, Brasil
Stouffville, ON, Canada
Los Angeles
Austin, Texas, United States
Missouri, USA
Portland, OR
Krakow, Polska
3rd Floor, Plot 24, Sector 11 Dwarka, New Delhi, Delhi 110075
South Salt Lake, UT 84115, United States
NY, USA
Perth, Australia
Phuket, Thailand
The Moon, Sylacauga, AL, USA
中国广东省深圳市
München, Germany
154 Bram Fischer Drive Randburg, Johannesburg 2195
Madrid
Quito, Ecuador
Denver, Colorado, EE. UU.
Istanbul, Turkey
Greeley, CO, USA
Lake Worth, FL, United States
Manchester, UK
Korea
Tlemcen, Algeria
431 Toorak Avenue, Toorak VIC 3142, Australia
Unixverse
Washington, D.C., USA
Barcelona, España
Charlotte, NC, USA
Hiding in a Tree
Bath, UK
Norwood, MA, USA
Cleburne, TX, USA
Box 201, 427 N Theard St, Covington, LA, 70433, USA
Austin, TX, USA
Belgrade, Serbia
Saxony, Germany
Alcobaça, Portugal
Taranto, TA, Italy
Aveiro, Portugal
La Union, Philippines
Aylmer, Quebec
Manila, Philippines
Nairobi
Zacatecas, México
Poznań, Polska
Oldenburg, Deutschland
405 N Jefferson Ave, Springfield, MO 65806, USA
Scottsdale, AZ
Linhares, ES, Brasil
170 Robert Speck Parkway, Mississauga, ON L4Z 3G1, Canada
807 Clinton St, Waukesha, WI 53186
Jaipur
Az Zarqa', Jordan
160 Greville Street, Prahran Victoria 3181, Australia
Guntur, Andhra Pradesh, India
All over the world
Ho Chi Minh City, Ho Chi Minh, Vietnam
Kazanlak, Bulgaria
Galaxy M81
14866 Old St Augustine Rd, Jacksonville, Florida 32258, United States
Thornton, CO, USA
Nice, France
perth
The Grid
Crooked Soley, United Kingdom
Uruguay
Arkansas
Wisconsin
Düsseldorf, Germany
Plymouth, MN, USA
St. Neots, United Kingdom
Novi Sad, Serbia
Pune, India
Edinburgh, United Kingdom
Hobart, Australia
England, United Kingdom
Rhode Island, United States
România
Cambridge, MA, USA
Delft, Nederland
Buenos Aires, Città Autonoma di Buenos Aires, Argentina
Christchurch, New Zealand
Michelago NSW, Australia
Olten, Schweiz
Baltimore, Maryland
Sebastian, FL, United States
Florida, United States
Costa Rica
Boise, ID, USA
Aberdeen, United Kingdom
Brazil - SBC
Kinshasa, Democratic Republic of the Congo
Colorado, USA
Ann Arbor, MI, United States
Misamis Oriental, Northern Mindanao, Philippines
Ravensburg, Germany
Madison, WI
Mars
New York, NY/Wyoming, USA
Colfax, NC, United States
Guadalajara, México
Krasnoyarsk, Russia
Chelmsford, UK
Surabaya, Indonesia
Ermelo, The Netherlands
Winston-Salem, NC
Vlaanderen, Belgie
Blagoevgrad, България
Tampa, FL, United States
Cameroon
Vancouver, Britská Kolumbie, Kanada
Toronto
Dominican Republic
Milan, MI, Italia
Dayton, OH, USA
Arizona
Where Idiots Live
San Juan, PR, USA
Jackson Wyoming
Lebanon, MO, USA
Austin TX
Bochum, Deutschland
Oklahoma City, Oklahoma
Stack Exchange
Laniakea Supercluster
Ostrava, Czechia
Grenoble
Leiden University
https://metasmoke.erwaysoftware.com/status
Montevideo, Uruguay
Edinburgh
Kazan, Russia
England
Bridgetown, Saint Michael, Barbados
Preston, United Kingdom
Boulder, Colorado, USA
Harrisburg, PA
Rio de Janeiro - State of Rio de Janeiro, Brazil
Pluto
Praha
Milwaukee, WI
North East Florida, USA
Houston, TX, United States
Kỳ Xuân
Cincinnati, OH
NJ, United States
Georgia, USA
Shanghai
Oslo
Timișoara, Timiș County, Romania
Graz, Österreich
Orlando, FL, USA
Gurgaon, Haryana, India
Mannheim, Deutschland
Nottingham, United Kingdom
Little Rock AR
Raleigh, North Carolina United States
Hamburg, Deutschland
Utrecht, Nederland
Redmond, WA
Tunisia
Sevilla, España
Washington, United States
Zúrich, Suiza
North Wales, UK
Guatemala City, Guatemala
Jacksonville, Floride, États-Unis
Fort Collins, CO, USA
Hampshire, England
Eindhoven, Netherlands
Tirol and Salzburg, Austria
You are here
The Royal Kingdom of the Netherlands
Cape Town, Western Cape, South Africa
Death Star
Jacksonville, FL
Toulouse, France
Makati, NCR, Philippines
Dordrecht, Netherlands
Chicago
Verona, VR, Italia
Palo Alto, CA, USA
Cork, Ireland
Colorado Springs, CO, USA
State College, PA
Αθήνα, Κεντρικός Τομέας Αθηνών, Ελλάδα
Saint-Prex, Switzerland
Guadalajara, Mexico
Metaverse
Quebec
Fairway, KS
São Paulo, SP
Bangalore
Honolulu
Nova Scotia, Canada
Atlanta, GA, United States
Untersiemau, Deutschland
West Sussex, United Kingdom
Wrocław, Poland
Lyon, France
Bowral, Australia
Fort Worth, TX, USA
Nowhere to be found
Mijas, Málaga
Québec, QC, Canada
Ghent, Belgium
Scotland, United Kingdom
Nebraska, USA
Belgium Wilrijk
Antarctica
Medford, OR
Metro St Louis, MO
Hailsham, UK
Indianapolis, IN
Valladolid, Spain
Calgary, AB
DKI JAKARTA INDONESIA
Quezon City, Metro Manila, Philippines
Cifre Labs
Nickle Gate Variety, 5534 Main St  Whitchurch-Stouffville ,ON L4A 8B7 Canada
Dongguan, Guangdong Province, China
Littleton, CO
Steffensweg, Bremen, Germany
Gold Coast,Australia
83150 Hermosillo, Son.
Tel Aviv, Israel
Cardiff
east los angeles
Saigon, Vietnam
Alabama
Wales
Wuhan, China
Shop No.5, Ganesh Darshan, Tembhode Road, Palghar West Palghar, Maharashtra 401404
Coimbatore, Tamil Nadu, India
Oakridge Variety, 60 Danforth Rd, Scarborough, ON M1L 3W4
Canes Venatici
Sam's Convenience, 128 Queen St S,
Big Bear Food Mart, 159 Highland Rd E,  Kitchener, ON N2M 3W1 Canada
Menlo Park, CA, USA
Birmingham, United Kingdom
Smoke & Gift, Main Square, 2563 Danforth Ave,  Toronto, ON M4C 1L4 Canada
Ben's Variety, 325 Bamburgh Cir Scarborough, ON M1W 3Y1 Canada
945 Wilson Ave #7, Toronto, ON M3K 1E8, Canada
Lima, Perú
Riverton, UT
Hamburg, Frankfurt, Berlin
Tenkasi, Tamil Nadu, India
United States Minor Outlying Islands
Bern, Switzerland
Guadalajara, Jal., México
cyberspace
Dollar Store Plus, 500 Mayfair Ave,  Oshawa, ON L1G 2Z4 Canada
Muntinlupa, Ph
Dar es Salaam, Tanzania
Serbia, Novi Beograd, Belgrade
Ho Chi Minh City, Vietnam
Aurora, ON
Санкт-Петербург
Kuala Lumpur, Malaysia
bcn, Spain
British Columbia
Cleveland, Ohio
Recife - PE, Brasil
Gujrat, Pakistan
Nairobi County, Kenya
Wisconsin, United States
Isfahan, Isfahan Province, Iran
8 Adeline Gardens Gosforth Newcastle, England NE3 4JQ
San Luis Obispo County, CA, USA
Remote, USA
Empire Market Cafe, 5126 Dundas St W Etobicoke, ON M9A 1C2 Canada
Big Bear Food Mart, 450 Appleby Line,  Burlington, ON L7L 2Y2 Canada
Las Vegas, NV, United States
Medellin Colombia
Rajbari Dhaka
E-48 Industrial Area, Phase 8 Mohali, Punjab 160047
Graz / Austria
SW United States
Olomouc, Czech Republic
Hat Yai, อำเภอหาดใหญ่ สงขลา ประเทศไทย
Manchester
Weiding, Deutschland
Lebanon, NH, USA
Dacorum District, UK
354 NE 1st Ave #100 Delray Beach, FL 33444
San Salvador, El Salvador
2450 W. 80th Street Bay#2 Spameah, FL  33016
Wichita, KS, United States
Shreveport, LA
Mosta, Malta
Pune Satara road, Pune Maharashtra 411043, India
Rotebühlplatz 19 70178  Stuttgart
238 S 4th St  Salina, KS 67401
Bentonville, AR
Santa Cruz, California
KoBulawayo
indonesia
Thành phố Hồ Chí Minh, Hồ Chí Minh, Việt Nam
Uganda
Florianópolis, SC, Brasil
Amsterdam, Nederland
Mad
Depok, Depok City, West Java, Indonesia
Turin, TO, Italia
Oslo, Norway
Riccione, RN, Italia
Irvine, California, EE. UU.
Barcelos, Portugal
Ethiopia
Traveler around the globe
Ljubljana, Slovenia
San Felíu de Guixols, España
Enköping, Sweden
Dollar Store Plus, 3476 Glen Erin Drive Mississauga, ON L5L 3R4
York, PA, United States
usa
Số 14, đường 73, P. Tân Spam, Quận 7, TP. HCM
4116 Spamside Drive Brooklyn, OH 44144
Esfahan, Iran
Worldwide
Colorado Springs, CO, United States
Dakar, Sénégal
Cyberjaya, Malaysia
Boise, Id, USA
TRD
Mars planet
Randwick ,NSW , Australia
Calgary, Canada
Krasnodar, Краснодарский край, Россия
Spaceship Earth
Calicut
Europa
UAE
Berlin / Germany
Las Palmas de Gran Canaria
Southside Mini Mart, 666 Henry Street Woodstock, ON N4S 1Y1
Spamhi, India
Manila, Metro Manila, Philippines
lloyd
Clarksburg, MD
Cornwall and Isles of Scilly, United Kingdom
Số 14, đường 73, P. Tân Phong, Quận 7, TP. HCM
Address: Luzon Convenience, 284 Copper Creek Drive Markham, ON L6B1N7
Big Bear Food Mart, 1401 River Road East Kitchener, ON N2A 3X9
Lazeez Shawarma, 1812 Simcoe Street North Oshawa, ON L1G 4Y3
Atlanta
Southampton, United Kingdom
Brisbane
Số 36 Trần Thái Tông, Cầu Giấy, Hà Nội
Bandung, Bandung City, West Java, Indonesia
Ahmedabad, Gujarat India
Swiftwater, PA, USA
İzmir, Turkey
Pune
So Cal
Dorado, Puerto Rico
Mozambique
Fort Wayne, IN, United States
Atlanta GA 30342
Washington D.C., USA
Aurora, CO, USA
San Luis Potosí, México
Engerwitzdorf, Österreich
NYC, NY, United States
San Jose, CA
Stamford, CT
Algeria
Bristol, United Kingdom
Idrija, Slovenia
Brighton, UK
4th Floor.BB Plaza Bd Mumbai,India
San Franicisco, CA
Wilmington NC
L'Aquila, AQ, Italia
Newcastle upon Tyne, UK
São Luís - State of Maranhão, Brazil
New England, USA
Twin Cities, MN
Machu Picchu
feel abandoned and alone
Gading Serpong, Jalan Boulevard Raya Gading Serpong, Kelapa Dua, Tangerang, Banten, Indonesia
Home
The Nineteenth Byte
Switzerland 
Ostrava, Česko
Fortaleza - CE, Brasil
Athens, Central Athens, Greece
Tel Aviv-Yafo, Israel
Miami, Florida, USA
Kathmandu, Central Development Region, Nepal
Nonthaburi Thailand
53.83,-1.46
Finistère, France
YXE
3219 Yonge St. S 223 Toronto,ON M4N 3S1
Riverside, CA, United States
Cape Town
1203 E 900 S Suite 28, St. George, UT 84790, USA
Indore, Madhya Pradesh, India
La Paz, La Paz Department, Bolivia
Malmö, Sverige
Kochi, Kerala, India
Oceanside, CA, USA
cardano
Perth, Western Australia
Monaco
Lübeck, Deutschland
Stanton, CA, USA
Albuquerque, NM, USA
Bratislava, Slovensko
Detroit, MI, USA
Padova, PD, Italia
Sao Paulo
Iowa, USA
Brasil
Курская область, Россия
Basingstoke, United Kingdom
Lancaster, CA
Phoenix, AZ
Lake Mary, FL, USA
Kyiv, Ukraine
Wien, Österreich
Rockville, MD
Pretoria, Gauteng, South Africa
Napoli, Italy
Gainesville, FL, USA
The Hague (NL)
Brno, Czech Republic
Aberdeen, NC, USA
Web3
Breda, The Netherlands
Madurai, Tamil Nadu, India
Apeldoorn, Netherlands
ITaly
Paccha, Yauli, Perú
Dunedin, Otago, New Zealand
Colorado
fire or frying pan
Delhi
Barcellona, Spagna
Goiânia, State of Goiás, Brazil
Cascais
Albuquerque, NM, United States
Connecticut, United States
US
U.K.
San Francisco Bay Area
Karnataka, India
Nantes, France
Aachen, Germany
El Salvador / Canada
Douala/Cameroon
Basel, Schweiz
Santa Cruz, CA
1175 Appian Crossing Way, Ste 803 Lexington, KY 40517
Tallahassee, FL, USA
Pune, Maharashtra, India
Campo Grande, State of Mato Grosso do Sul, Brazil
Kennesaw, GA
Lodz, Poland
Las Pinas, Metro Manila, Philippines
Mehkar, Maharashtra, India
Tehran, استان تهران، ایران
Earth, Europe
Bonn, Germany
Utrecht
Irvine, CA, USA
Mumbai, Maharashtra, India
København, Danmark
13339 Mt Pleasant Rd,  Jacksonville FL 32225
Galway, Ireland
Washington D.C
Chinchilla, Queensland, Australia
Mannheim, Germany
Lausanne, Switzerland
Sioux Falls, SD, USA
Perú
Delft, the Netherlands
Baltic Sea
USVI
Germany, Munich
Rawalpindi, Pakistan
Sunshine Coast QLD, Australia
Baalbek, Lebanon
NZ
on chain
Laniakea
Kitchener, ON, Canada
